run_id,model,k,initialization_seed,subset_seed,split_seed,split_id,history_normalization,fixed_global_mean,config_hash,code_commit,dirty_worktree,best_epoch,epochs_run,train_mse,train_loss_with_regularization,train_rmse,validation_rmse,test_rmse,parameter_count,fit_seconds,device,history_checksum
svdpp_k10_s42,svdpp,10,42,42,42,e5aa6fab5d93666dba4df22d71e9371c8ba5c0a06df1b6e0721c1f57bc838ce4,sqrt,3.502837657928467,d943856a4226b521314b107a3ab896ed251917f7a84f4f1c35771340c917221d,2f880f746f514f33ddcdbeb91064c5c24af736b7,True,4,24,0.7266679081628619,0.7282807075920968,0.8524481850311266,1.0366086033554494,1.06014435985736,29449,0.6034314929993343,cpu,765ca64d3b18193506b6be61c9c4e3fc968c94aa839783f8d416368815a76507
svdpp_k10_s43,svdpp,10,43,42,42,e5aa6fab5d93666dba4df22d71e9371c8ba5c0a06df1b6e0721c1f57bc838ce4,sqrt,3.502837657928467,d943856a4226b521314b107a3ab896ed251917f7a84f4f1c35771340c917221d,2f880f746f514f33ddcdbeb91064c5c24af736b7,True,3,23,0.7248498425531114,0.7264307096474969,0.8513811382413351,1.0238484330286717,1.053563053700423,29449,0.5365703649995339,cpu,765ca64d3b18193506b6be61c9c4e3fc968c94aa839783f8d416368815a76507
svdpp_k10_s44,svdpp,10,44,42,42,e5aa6fab5d93666dba4df22d71e9371c8ba5c0a06df1b6e0721c1f57bc838ce4,sqrt,3.502837657928467,d943856a4226b521314b107a3ab896ed251917f7a84f4f1c35771340c917221d,2f880f746f514f33ddcdbeb91064c5c24af736b7,True,3,23,0.7374836147129833,0.7389731358539778,0.8587686619299655,1.0350107707335627,1.0405785255692757,29449,0.5807412929998463,cpu,765ca64d3b18193506b6be61c9c4e3fc968c94aa839783f8d416368815a76507
svdpp_k20_s42,svdpp,20,42,42,42,e5aa6fab5d93666dba4df22d71e9371c8ba5c0a06df1b6e0721c1f57bc838ce4,sqrt,3.502837657928467,d943856a4226b521314b107a3ab896ed251917f7a84f4f1c35771340c917221d,2f880f746f514f33ddcdbeb91064c5c24af736b7,True,4,24,0.5287202453219085,0.5321189602489425,0.7271315185864993,1.0341146079510315,1.0605966381825853,57429,0.5864648520000628,cpu,765ca64d3b18193506b6be61c9c4e3fc968c94aa839783f8d416368815a76507
svdpp_k20_s43,svdpp,20,43,42,42,e5aa6fab5d93666dba4df22d71e9371c8ba5c0a06df1b6e0721c1f57bc838ce4,sqrt,3.502837657928467,d943856a4226b521314b107a3ab896ed251917f7a84f4f1c35771340c917221d,2f880f746f514f33ddcdbeb91064c5c24af736b7,True,2,22,0.8301942913402887,0.8314051597683605,0.9111499829008881,1.0330160038734753,1.054713456268665,57429,0.519219007999709,cpu,765ca64d3b18193506b6be61c9c4e3fc968c94aa839783f8d416368815a76507
svdpp_k20_s44,svdpp,20,44,42,42,e5aa6fab5d93666dba4df22d71e9371c8ba5c0a06df1b6e0721c1f57bc838ce4,sqrt,3.502837657928467,d943856a4226b521314b107a3ab896ed251917f7a84f4f1c35771340c917221d,2f880f746f514f33ddcdbeb91064c5c24af736b7,True,2,22,0.7940541406712155,0.7953115249104671,0.8910971555735185,1.0364411167615977,1.051881625960165,57429,0.5107179000005999,cpu,765ca64d3b18193506b6be61c9c4e3fc968c94aa839783f8d416368815a76507
svdpp_k50_s42,svdpp,50,42,42,42,e5aa6fab5d93666dba4df22d71e9371c8ba5c0a06df1b6e0721c1f57bc838ce4,sqrt,3.502837657928467,d943856a4226b521314b107a3ab896ed251917f7a84f4f1c35771340c917221d,2f880f746f514f33ddcdbeb91064c5c24af736b7,True,2,22,0.6569745673851987,0.6595802266748528,0.8105396766261345,1.0339554519387502,1.0605355158055316,141369,0.672561078000399,cpu,765ca64d3b18193506b6be61c9c4e3fc968c94aa839783f8d416368815a76507
svdpp_k50_s43,svdpp,50,43,42,42,e5aa6fab5d93666dba4df22d71e9371c8ba5c0a06df1b6e0721c1f57bc838ce4,sqrt,3.502837657928467,d943856a4226b521314b107a3ab896ed251917f7a84f4f1c35771340c917221d,2f880f746f514f33ddcdbeb91064c5c24af736b7,True,2,22,0.6752494362069863,0.6778638442731661,0.8217356242776543,1.0305519740876936,1.0651059232905233,141369,0.6774403600002188,cpu,765ca64d3b18193506b6be61c9c4e3fc968c94aa839783f8d416368815a76507
svdpp_k50_s44,svdpp,50,44,42,42,e5aa6fab5d93666dba4df22d71e9371c8ba5c0a06df1b6e0721c1f57bc838ce4,sqrt,3.502837657928467,d943856a4226b521314b107a3ab896ed251917f7a84f4f1c35771340c917221d,2f880f746f514f33ddcdbeb91064c5c24af736b7,True,2,22,0.6776999398542513,0.6802441408781195,0.823225327510185,1.034245724504668,1.052059265958613,141369,0.7073748619995968,cpu,765ca64d3b18193506b6be61c9c4e3fc968c94aa839783f8d416368815a76507
svdpp_k100_s42,svdpp,100,42,42,42,e5aa6fab5d93666dba4df22d71e9371c8ba5c0a06df1b6e0721c1f57bc838ce4,sqrt,3.502837657928467,d943856a4226b521314b107a3ab896ed251917f7a84f4f1c35771340c917221d,2f880f746f514f33ddcdbeb91064c5c24af736b7,True,2,22,0.5387245084262607,0.5431046724811234,0.7339785476608024,1.0335859597068557,1.0559359971386726,281269,0.9454652040003566,cpu,765ca64d3b18193506b6be61c9c4e3fc968c94aa839783f8d416368815a76507
svdpp_k100_s43,svdpp,100,43,42,42,e5aa6fab5d93666dba4df22d71e9371c8ba5c0a06df1b6e0721c1f57bc838ce4,sqrt,3.502837657928467,d943856a4226b521314b107a3ab896ed251917f7a84f4f1c35771340c917221d,2f880f746f514f33ddcdbeb91064c5c24af736b7,True,3,23,0.3087433338426974,0.31565545331968115,0.5556467707480153,1.037404908084744,1.0661379412299778,281269,0.8791370639992238,cpu,765ca64d3b18193506b6be61c9c4e3fc968c94aa839783f8d416368815a76507
svdpp_k100_s44,svdpp,100,44,42,42,e5aa6fab5d93666dba4df22d71e9371c8ba5c0a06df1b6e0721c1f57bc838ce4,sqrt,3.502837657928467,d943856a4226b521314b107a3ab896ed251917f7a84f4f1c35771340c917221d,2f880f746f514f33ddcdbeb91064c5c24af736b7,True,2,22,0.5643842641131642,0.5684985840544067,0.7512551258481797,1.0393734152375573,1.053178078261903,281269,0.8634162730004391,cpu,765ca64d3b18193506b6be61c9c4e3fc968c94aa839783f8d416368815a76507
svdpp_k200_s42,svdpp,200,42,42,42,e5aa6fab5d93666dba4df22d71e9371c8ba5c0a06df1b6e0721c1f57bc838ce4,sqrt,3.502837657928467,d943856a4226b521314b107a3ab896ed251917f7a84f4f1c35771340c917221d,2f880f746f514f33ddcdbeb91064c5c24af736b7,True,2,22,0.37992017982262877,0.38728336185558954,0.6163766541836483,1.0433189273075465,1.077307664941745,561069,1.4375124099997265,cpu,765ca64d3b18193506b6be61c9c4e3fc968c94aa839783f8d416368815a76507
svdpp_k200_s43,svdpp,200,43,42,42,e5aa6fab5d93666dba4df22d71e9371c8ba5c0a06df1b6e0721c1f57bc838ce4,sqrt,3.502837657928467,d943856a4226b521314b107a3ab896ed251917f7a84f4f1c35771340c917221d,2f880f746f514f33ddcdbeb91064c5c24af736b7,True,23,43,0.02903566645221145,0.03815092184449027,0.17039855179024102,1.0441749406722844,1.0629566744812944,561069,2.55830548799986,cpu,765ca64d3b18193506b6be61c9c4e3fc968c94aa839783f8d416368815a76507
svdpp_k200_s44,svdpp,200,44,42,42,e5aa6fab5d93666dba4df22d71e9371c8ba5c0a06df1b6e0721c1f57bc838ce4,sqrt,3.502837657928467,d943856a4226b521314b107a3ab896ed251917f7a84f4f1c35771340c917221d,2f880f746f514f33ddcdbeb91064c5c24af736b7,True,3,23,0.18439786070556802,0.1944631104622739,0.429415720142577,1.0477625857267838,1.077810173806683,561069,1.4809051390002423,cpu,765ca64d3b18193506b6be61c9c4e3fc968c94aa839783f8d416368815a76507
