epoch,train_loss,train_mse,train_loss_with_regularization,train_rmse,val_rmse
1,0.6572089791297913,0.6553946733474731,0.6572089791297913,0.809564471244812,0.9568570852279663
2,0.2468729168176651,0.24188855290412903,0.2468729168176651,0.49182167649269104,0.9637339115142822
3,0.10923083126544952,0.1027451828122139,0.10923083126544952,0.3205389082431793,0.9989572167396545
4,0.06611083447933197,0.058856040239334106,0.06611083447933197,0.2426026314496994,1.021692156791687
5,0.04964613541960716,0.042107220739126205,0.04964613541960716,0.2052004337310791,1.0382075309753418
6,0.04346441850066185,0.03562799096107483,0.04346441850066185,0.18875378370285034,1.0502265691757202
7,0.041595153510570526,0.03367247059941292,0.041595153510570526,0.18350060284137726,1.056946039199829
8,0.042750805616378784,0.034725893288850784,0.042750805616378784,0.18634885549545288,1.0644789934158325
9,0.04566878825426102,0.037612978368997574,0.04566878825426102,0.1939406543970108,1.0654853582382202
10,0.04914082586765289,0.04104643687605858,0.04914082586765289,0.2025991976261139,1.0697602033615112
11,0.05345144867897034,0.04539134353399277,0.05345144867897034,0.213052436709404,1.0659663677215576
12,0.057579316198825836,0.04948701336979866,0.057579316198825836,0.22245676815509796,1.070770502090454
13,0.061540134251117706,0.0535123348236084,0.061540134251117706,0.2313273400068283,1.0661675930023193
14,0.06601287424564362,0.05798618867993355,0.06601287424564362,0.24080321192741394,1.0700017213821411
15,0.06716768443584442,0.05923781916499138,0.06716768443584442,0.24338820576667786,1.0656945705413818
16,0.06718996912240982,0.059259869158267975,0.06718996912240982,0.24343350529670715,1.0656687021255493
17,0.06565424799919128,0.05779150873422623,0.06565424799919128,0.24039864540100098,1.0619045495986938
18,0.06362038105726242,0.05574851855635643,0.06362038105726242,0.23611123859882355,1.0589869022369385
19,0.06254736334085464,0.054755087941884995,0.06254736334085464,0.23399804532527924,1.0571684837341309
20,0.06166686490178108,0.053858786821365356,0.06166686490178108,0.23207496106624603,1.0555976629257202
21,0.06020963191986084,0.052463702857494354,0.06020963191986084,0.22904956340789795,1.052994728088379
