run_id,model,k,initialization_seed,split_id,fixed_global_mean,config_hash,code_commit,dirty_worktree,best_epoch,epochs_run,train_mse,train_loss_with_regularization,train_rmse,validation_rmse,test_rmse,parameter_count,fit_seconds,device
mf_k10_s11,mf,10,11,e5aa6fab5d93666dba4df22d71e9371c8ba5c0a06df1b6e0721c1f57bc838ce4,3.502837657928467,1fc6e3d98dd6de8ad005b6e1e6e328ccbc21f5e218408d7300c85b02a4a8344d,df1993e49f981735098b560548bf905b23879a60,True,100,100,0.9631871202389061,0.9632072543178798,0.9814209699404767,1.0776239604350228,1.0863066723161041,14690,0.1806533746421337,cpu
mf_k10_s22,mf,10,22,e5aa6fab5d93666dba4df22d71e9371c8ba5c0a06df1b6e0721c1f57bc838ce4,3.502837657928467,1fc6e3d98dd6de8ad005b6e1e6e328ccbc21f5e218408d7300c85b02a4a8344d,df1993e49f981735098b560548bf905b23879a60,True,100,100,0.9410121484397397,0.941033245291725,0.9700578067516078,1.0672439982153636,1.0778122733906124,14690,0.17276904173195362,cpu
mf_k10_s33,mf,10,33,e5aa6fab5d93666dba4df22d71e9371c8ba5c0a06df1b6e0721c1f57bc838ce4,3.502837657928467,1fc6e3d98dd6de8ad005b6e1e6e328ccbc21f5e218408d7300c85b02a4a8344d,df1993e49f981735098b560548bf905b23879a60,True,100,100,0.9411033810568787,0.9411245246320499,0.9701048299317341,1.0634614146959818,1.0789752596842712,14690,0.24130979180335999,cpu
mf_k20_s11,mf,20,11,e5aa6fab5d93666dba4df22d71e9371c8ba5c0a06df1b6e0721c1f57bc838ce4,3.502837657928467,1fc6e3d98dd6de8ad005b6e1e6e328ccbc21f5e218408d7300c85b02a4a8344d,df1993e49f981735098b560548bf905b23879a60,True,100,100,0.86432340999445,0.864349219875319,0.9296899536912562,1.0544366123557791,1.0708171280860879,29380,0.8579974579624832,cpu
mf_k20_s22,mf,20,22,e5aa6fab5d93666dba4df22d71e9371c8ba5c0a06df1b6e0721c1f57bc838ce4,3.502837657928467,1fc6e3d98dd6de8ad005b6e1e6e328ccbc21f5e218408d7300c85b02a4a8344d,df1993e49f981735098b560548bf905b23879a60,True,100,100,0.8706341028419624,0.8706594942607889,0.9330777581970124,1.0572889362295728,1.0691904565794754,29380,0.24767399998381734,cpu
mf_k20_s33,mf,20,33,e5aa6fab5d93666dba4df22d71e9371c8ba5c0a06df1b6e0721c1f57bc838ce4,3.502837657928467,1fc6e3d98dd6de8ad005b6e1e6e328ccbc21f5e218408d7300c85b02a4a8344d,df1993e49f981735098b560548bf905b23879a60,True,100,100,0.8545213588210552,0.8545478420977457,0.9244032447049584,1.0534738585530334,1.0690142247175138,29380,0.23900979105383158,cpu
mf_k50_s11,mf,50,11,e5aa6fab5d93666dba4df22d71e9371c8ba5c0a06df1b6e0721c1f57bc838ce4,3.502837657928467,1fc6e3d98dd6de8ad005b6e1e6e328ccbc21f5e218408d7300c85b02a4a8344d,df1993e49f981735098b560548bf905b23879a60,True,99,100,0.7871028960547867,0.7871340024097127,0.887188196525848,1.0490763676550132,1.0655882541412118,73450,0.35264625027775764,cpu
mf_k50_s22,mf,50,22,e5aa6fab5d93666dba4df22d71e9371c8ba5c0a06df1b6e0721c1f57bc838ce4,3.502837657928467,1fc6e3d98dd6de8ad005b6e1e6e328ccbc21f5e218408d7300c85b02a4a8344d,df1993e49f981735098b560548bf905b23879a60,True,93,100,0.7978486327572871,0.7978788977946593,0.8932237305162056,1.0485250462797038,1.0654708637711234,73450,0.3501344998367131,cpu
mf_k50_s33,mf,50,33,e5aa6fab5d93666dba4df22d71e9371c8ba5c0a06df1b6e0721c1f57bc838ce4,3.502837657928467,1fc6e3d98dd6de8ad005b6e1e6e328ccbc21f5e218408d7300c85b02a4a8344d,df1993e49f981735098b560548bf905b23879a60,True,98,100,0.7945528914336545,0.7945834250268687,0.8913769637104464,1.0489482734317235,1.0666210732191015,73450,0.35270195780321956,cpu
mf_k100_s11,mf,100,11,e5aa6fab5d93666dba4df22d71e9371c8ba5c0a06df1b6e0721c1f57bc838ce4,3.502837657928467,1fc6e3d98dd6de8ad005b6e1e6e328ccbc21f5e218408d7300c85b02a4a8344d,df1993e49f981735098b560548bf905b23879a60,True,95,100,0.7541099423273526,0.7541435610017734,0.8683950381752262,1.0470613569585105,1.0657270161289942,146900,0.43144716741517186,cpu
mf_k100_s22,mf,100,22,e5aa6fab5d93666dba4df22d71e9371c8ba5c0a06df1b6e0721c1f57bc838ce4,3.502837657928467,1fc6e3d98dd6de8ad005b6e1e6e328ccbc21f5e218408d7300c85b02a4a8344d,df1993e49f981735098b560548bf905b23879a60,True,93,100,0.7524844269920267,0.752518159111474,0.8674586024658621,1.047118117779675,1.0654968747298605,146900,0.4252103748731315,cpu
mf_k100_s33,mf,100,33,e5aa6fab5d93666dba4df22d71e9371c8ba5c0a06df1b6e0721c1f57bc838ce4,3.502837657928467,1fc6e3d98dd6de8ad005b6e1e6e328ccbc21f5e218408d7300c85b02a4a8344d,df1993e49f981735098b560548bf905b23879a60,True,89,99,0.7584744361600239,0.7585077125508818,0.8709043783102849,1.0468579010403212,1.0648617006880177,146900,0.4224722497165203,cpu
mf_k150_s11,mf,150,11,e5aa6fab5d93666dba4df22d71e9371c8ba5c0a06df1b6e0721c1f57bc838ce4,3.502837657928467,1fc6e3d98dd6de8ad005b6e1e6e328ccbc21f5e218408d7300c85b02a4a8344d,df1993e49f981735098b560548bf905b23879a60,True,66,76,0.7602955813405491,0.7603288189435999,0.8719492997534599,1.048266710758656,1.0640148011503794,220350,0.392645999789238,cpu
mf_k150_s22,mf,150,22,e5aa6fab5d93666dba4df22d71e9371c8ba5c0a06df1b6e0721c1f57bc838ce4,3.502837657928467,1fc6e3d98dd6de8ad005b6e1e6e328ccbc21f5e218408d7300c85b02a4a8344d,df1993e49f981735098b560548bf905b23879a60,True,55,65,0.7831662249177405,0.7831977609204462,0.8849667931158437,1.0479360526607067,1.0664255560953377,220350,0.3372199167497456,cpu
mf_k150_s33,mf,150,33,e5aa6fab5d93666dba4df22d71e9371c8ba5c0a06df1b6e0721c1f57bc838ce4,3.502837657928467,1fc6e3d98dd6de8ad005b6e1e6e328ccbc21f5e218408d7300c85b02a4a8344d,df1993e49f981735098b560548bf905b23879a60,True,56,66,0.7816549065952673,0.7816865180490189,0.8841124965722785,1.0489208678941297,1.067637112143452,220350,0.3520396249368787,cpu
mf_k200_s11,mf,200,11,e5aa6fab5d93666dba4df22d71e9371c8ba5c0a06df1b6e0721c1f57bc838ce4,3.502837657928467,1fc6e3d98dd6de8ad005b6e1e6e328ccbc21f5e218408d7300c85b02a4a8344d,df1993e49f981735098b560548bf905b23879a60,True,52,62,0.7720024230156253,0.7720347806634205,0.8786366843102018,1.0480954565084892,1.0662703497689452,293800,0.37373179104179144,cpu
mf_k200_s22,mf,200,22,e5aa6fab5d93666dba4df22d71e9371c8ba5c0a06df1b6e0721c1f57bc838ce4,3.502837657928467,1fc6e3d98dd6de8ad005b6e1e6e328ccbc21f5e218408d7300c85b02a4a8344d,df1993e49f981735098b560548bf905b23879a60,True,55,65,0.7620602618175345,0.7620934092072528,0.872960630164691,1.0476331483940304,1.0662353173421169,293800,0.38959841709584,cpu
mf_k200_s33,mf,200,33,e5aa6fab5d93666dba4df22d71e9371c8ba5c0a06df1b6e0721c1f57bc838ce4,3.502837657928467,1fc6e3d98dd6de8ad005b6e1e6e328ccbc21f5e218408d7300c85b02a4a8344d,df1993e49f981735098b560548bf905b23879a60,True,55,65,0.7666551239076664,0.7666878978323162,0.8755884443662253,1.0479589123819848,1.0675106399579537,293800,0.3890130831860006,cpu
mf_k250_s11,mf,250,11,e5aa6fab5d93666dba4df22d71e9371c8ba5c0a06df1b6e0721c1f57bc838ce4,3.502837657928467,1fc6e3d98dd6de8ad005b6e1e6e328ccbc21f5e218408d7300c85b02a4a8344d,df1993e49f981735098b560548bf905b23879a60,True,52,62,0.7598143302878418,0.7598476299334869,0.8716732933202909,1.048876082653304,1.0654904628669974,367250,0.49904933385550976,cpu
mf_k250_s22,mf,250,22,e5aa6fab5d93666dba4df22d71e9371c8ba5c0a06df1b6e0721c1f57bc838ce4,3.502837657928467,1fc6e3d98dd6de8ad005b6e1e6e328ccbc21f5e218408d7300c85b02a4a8344d,df1993e49f981735098b560548bf905b23879a60,True,55,65,0.7500807013833661,0.7501147991306493,0.8660719954965442,1.0467235373728705,1.0659959350611454,367250,0.5224105003289878,cpu
mf_k250_s33,mf,250,33,e5aa6fab5d93666dba4df22d71e9371c8ba5c0a06df1b6e0721c1f57bc838ce4,3.502837657928467,1fc6e3d98dd6de8ad005b6e1e6e328ccbc21f5e218408d7300c85b02a4a8344d,df1993e49f981735098b560548bf905b23879a60,True,49,59,0.7637088921284534,0.7637419137558442,0.8739043953021711,1.0481800825345504,1.0664044367023116,367250,0.478192541282624,cpu
mf_k300_s11,mf,300,11,e5aa6fab5d93666dba4df22d71e9371c8ba5c0a06df1b6e0721c1f57bc838ce4,3.502837657928467,1fc6e3d98dd6de8ad005b6e1e6e328ccbc21f5e218408d7300c85b02a4a8344d,df1993e49f981735098b560548bf905b23879a60,True,43,53,0.7674972328155711,0.7675300111769894,0.8760691940797662,1.0481950641985227,1.0658037538525302,440700,0.4780094171874225,cpu
mf_k300_s22,mf,300,22,e5aa6fab5d93666dba4df22d71e9371c8ba5c0a06df1b6e0721c1f57bc838ce4,3.502837657928467,1fc6e3d98dd6de8ad005b6e1e6e328ccbc21f5e218408d7300c85b02a4a8344d,df1993e49f981735098b560548bf905b23879a60,True,38,48,0.7823381214204794,0.7823698180417136,0.8844987967320699,1.0496559400143433,1.0670870354270046,440700,0.4343131659552455,cpu
mf_k300_s33,mf,300,33,e5aa6fab5d93666dba4df22d71e9371c8ba5c0a06df1b6e0721c1f57bc838ce4,3.502837657928467,1fc6e3d98dd6de8ad005b6e1e6e328ccbc21f5e218408d7300c85b02a4a8344d,df1993e49f981735098b560548bf905b23879a60,True,47,57,0.7588946323515507,0.7589280382313909,0.8711455861975946,1.0482674581650473,1.0665111834110397,440700,0.5187027500942349,cpu
