epoch,train_loss,train_rmse,val_rmse
1,1.169080138206482,1.0808719396591187,1.1167627573013306
2,0.7720220685005188,0.8770276308059692,1.0563857555389404
3,0.3638392686843872,0.597741961479187,1.0257189273834229
4,0.17548206448554993,0.40731704235076904,1.0392005443572998
5,0.0859508365392685,0.27422595024108887,1.0563071966171265
6,0.047782476991415024,0.19109490513801575,1.0633991956710815
7,0.02939555048942566,0.1333896815776825,1.0645713806152344
8,0.020742012187838554,0.09528927505016327,1.065075397491455
9,0.01681911014020443,0.07155203074216843,1.0655092000961304
10,0.01462803315371275,0.053874172270298004,1.0655502080917358
11,0.013589571230113506,0.04374047368764877,1.0653220415115356
12,0.012865083292126656,0.03517138212919235,1.0655274391174316
13,0.012554215267300606,0.031097939237952232,1.0654226541519165
14,0.012301506474614143,0.027907155454158783,1.0650811195373535
15,0.012309416197240353,0.02897038869559765,1.06489896774292
16,0.012194041162729263,0.027979636564850807,1.0639734268188477
17,0.012129376642405987,0.027880266308784485,1.0646072626113892
18,0.012306340038776398,0.03185798600316048,1.0638312101364136
19,0.012100492604076862,0.029462767764925957,1.0633649826049805
20,0.012202749960124493,0.03184213116765022,1.0630706548690796
21,0.012004758231341839,0.02962951362133026,1.063106656074524
22,0.012542663142085075,0.0382540337741375,1.062117099761963
23,0.01251518540084362,0.03850388154387474,1.0625747442245483
