run_id,model,k,seed,split_id,validation_row_ids_sha256,train_rmse,val_rmse,test_rmse,best_epoch,epochs_run,fit_seconds,n_parameters,reg_bias,reg_factors,learning_rate,batch_size,optimizer,clipping,device,code_commit,history_file,checkpoint_local,checkpoint_sha256
fm_k50_seed42,"FM(user,item)",50,42,9a96d7723c4f4d92000ba06376ffccae8fd78c3d82d39cb4b8b3a8e589b29329,d083ad2857827dafd47a21dee2f23ee2495a2f35fec4d0a6878941daca31521e,0.5873195675291787,1.0192086681850048,,4,24,1.2035963999805972,74920,0.01,0.05,0.01,1024,adam,False,cpu,4ee07212010fe77c4fd6903338667743e50c9fa1,fm_k50_seed42_history.csv,data\fm-k50-100-150-200-20261006\fm_k50_seed42.pt,d2187c0d2312283fe6e5db9a28f057af7c23304546ecbae8a11ca68800eb4d37
fm_k50_seed43,"FM(user,item)",50,43,9a96d7723c4f4d92000ba06376ffccae8fd78c3d82d39cb4b8b3a8e589b29329,d083ad2857827dafd47a21dee2f23ee2495a2f35fec4d0a6878941daca31521e,0.5834677177901647,1.019090201959942,,4,24,1.2247588000027463,74920,0.01,0.05,0.01,1024,adam,False,cpu,4ee07212010fe77c4fd6903338667743e50c9fa1,fm_k50_seed43_history.csv,data\fm-k50-100-150-200-20261006\fm_k50_seed43.pt,e2dc67a3f9fee4c8b62b1dce9ab27954619297bd85a75b92cbff2b7abe8415e1
fm_k50_seed44,"FM(user,item)",50,44,9a96d7723c4f4d92000ba06376ffccae8fd78c3d82d39cb4b8b3a8e589b29329,d083ad2857827dafd47a21dee2f23ee2495a2f35fec4d0a6878941daca31521e,0.5815081926297879,1.0184063620145074,,4,24,1.0961108999908902,74920,0.01,0.05,0.01,1024,adam,False,cpu,4ee07212010fe77c4fd6903338667743e50c9fa1,fm_k50_seed44_history.csv,data\fm-k50-100-150-200-20261006\fm_k50_seed44.pt,9c1726d82cf90fbcd062b5ae3018c887c1b5cd4b02d7adeef9e82f8b32dd4cf0
fm_k100_seed42,"FM(user,item)",100,42,9a96d7723c4f4d92000ba06376ffccae8fd78c3d82d39cb4b8b3a8e589b29329,d083ad2857827dafd47a21dee2f23ee2495a2f35fec4d0a6878941daca31521e,0.5984808593764196,1.0216731289343282,,3,23,1.8772443999769166,148370,0.01,0.05,0.01,1024,adam,False,cpu,4ee07212010fe77c4fd6903338667743e50c9fa1,fm_k100_seed42_history.csv,data\fm-k50-100-150-200-20261006\fm_k100_seed42.pt,0116de1f65942627fbc102ec781c5bf7ae218a8ae776ff0be26efe9869f8e71c
fm_k100_seed43,"FM(user,item)",100,43,9a96d7723c4f4d92000ba06376ffccae8fd78c3d82d39cb4b8b3a8e589b29329,d083ad2857827dafd47a21dee2f23ee2495a2f35fec4d0a6878941daca31521e,0.5977419866749272,1.0257189334348735,,3,23,1.3715932000195608,148370,0.01,0.05,0.01,1024,adam,False,cpu,4ee07212010fe77c4fd6903338667743e50c9fa1,fm_k100_seed43_history.csv,data\fm-k50-100-150-200-20261006\fm_k100_seed43.pt,d969fd4c166cca8e9db50b3a5870784d250a64744e878854830371981482a36a
fm_k100_seed44,"FM(user,item)",100,44,9a96d7723c4f4d92000ba06376ffccae8fd78c3d82d39cb4b8b3a8e589b29329,d083ad2857827dafd47a21dee2f23ee2495a2f35fec4d0a6878941daca31521e,0.5979017385146904,1.0235631076428935,,3,23,1.9704983000119682,148370,0.01,0.05,0.01,1024,adam,False,cpu,4ee07212010fe77c4fd6903338667743e50c9fa1,fm_k100_seed44_history.csv,data\fm-k50-100-150-200-20261006\fm_k100_seed44.pt,3e42b90eee3f7910058023ce29d5a17c7d7b54b4eb1f38e266358a1455638b63
fm_k150_seed42,"FM(user,item)",150,42,9a96d7723c4f4d92000ba06376ffccae8fd78c3d82d39cb4b8b3a8e589b29329,d083ad2857827dafd47a21dee2f23ee2495a2f35fec4d0a6878941daca31521e,0.5019946392121242,1.0268676892745343,,3,23,2.292340799991507,221820,0.01,0.05,0.01,1024,adam,False,cpu,4ee07212010fe77c4fd6903338667743e50c9fa1,fm_k150_seed42_history.csv,data\fm-k50-100-150-200-20261006\fm_k150_seed42.pt,8b0957efe02dc6a5f80833bd50c852eced647cc32a6b0ae13a093453a7eeeccb
fm_k150_seed43,"FM(user,item)",150,43,9a96d7723c4f4d92000ba06376ffccae8fd78c3d82d39cb4b8b3a8e589b29329,d083ad2857827dafd47a21dee2f23ee2495a2f35fec4d0a6878941daca31521e,0.5029566247585694,1.018519712106355,,3,23,1.7702341999975033,221820,0.01,0.05,0.01,1024,adam,False,cpu,4ee07212010fe77c4fd6903338667743e50c9fa1,fm_k150_seed43_history.csv,data\fm-k50-100-150-200-20261006\fm_k150_seed43.pt,7113d256a41b0fad6063cfb3afb0f762ff8d345aa0af0590c48f928dbf0443f5
fm_k150_seed44,"FM(user,item)",150,44,9a96d7723c4f4d92000ba06376ffccae8fd78c3d82d39cb4b8b3a8e589b29329,d083ad2857827dafd47a21dee2f23ee2495a2f35fec4d0a6878941daca31521e,0.4905439384805595,1.0219880681158606,,3,23,1.7237698000099044,221820,0.01,0.05,0.01,1024,adam,False,cpu,4ee07212010fe77c4fd6903338667743e50c9fa1,fm_k150_seed44_history.csv,data\fm-k50-100-150-200-20261006\fm_k150_seed44.pt,fb6f4533b8082ad71e962f449c196e6b34041f243a88454b2a4cae409a2958ad
fm_k200_seed42,"FM(user,item)",200,42,9a96d7723c4f4d92000ba06376ffccae8fd78c3d82d39cb4b8b3a8e589b29329,d083ad2857827dafd47a21dee2f23ee2495a2f35fec4d0a6878941daca31521e,0.4315915526125518,1.0282468094505992,,3,23,2.50278530002106,295270,0.01,0.05,0.01,1024,adam,False,cpu,4ee07212010fe77c4fd6903338667743e50c9fa1,fm_k200_seed42_history.csv,data\fm-k50-100-150-200-20261006\fm_k200_seed42.pt,da0b739a3a24aa01535a91d3eff123dac5de1cb5ae4f47567b76b5118a2ad60c
fm_k200_seed43,"FM(user,item)",200,43,9a96d7723c4f4d92000ba06376ffccae8fd78c3d82d39cb4b8b3a8e589b29329,d083ad2857827dafd47a21dee2f23ee2495a2f35fec4d0a6878941daca31521e,0.43821662083165375,1.0266627536835122,,3,23,2.2672266000008676,295270,0.01,0.05,0.01,1024,adam,False,cpu,4ee07212010fe77c4fd6903338667743e50c9fa1,fm_k200_seed43_history.csv,data\fm-k50-100-150-200-20261006\fm_k200_seed43.pt,502db00c9cde2ca6c164e0056e9b0d6b1792209c6e611184c0d5c356199b8adf
fm_k200_seed44,"FM(user,item)",200,44,9a96d7723c4f4d92000ba06376ffccae8fd78c3d82d39cb4b8b3a8e589b29329,d083ad2857827dafd47a21dee2f23ee2495a2f35fec4d0a6878941daca31521e,0.43203753848643506,1.022046459184304,,3,23,2.3092483000073116,295270,0.01,0.05,0.01,1024,adam,False,cpu,4ee07212010fe77c4fd6903338667743e50c9fa1,fm_k200_seed44_history.csv,data\fm-k50-100-150-200-20261006\fm_k200_seed44.pt,33b625ee4ceeb7d401829050842575f1545a742034e6f8b3ec18160fc8581965
